{
  "project_info": {
    "project_number": "429375908571",
    "firebase_url": "https://annaistore-f47b1.firebaseio.com",
    "project_id": "annaistore-f47b1",
    "storage_bucket": "annaistore-f47b1.appspot.com"
  },
  "client": [
    {
      "client_info": {
        "mobilesdk_app_id": "1:429375908571:android:ee2a6665b3964e34",
        "android_client_info": {
          "package_name": "com.example.raja.annaistore"
        }
      },
      "oauth_client": [
        {
          "client_id": "429375908571-27i4a1mkkareu7spblape2rq81js6mv2.apps.googleusercontent.com",
          "client_type": 1,
          "android_info": {
            "package_name": "com.example.raja.annaistore",
            "certificate_hash": "b12f9021106ab6850112f568bb705db16b872740"
          }
        },
        {
          "client_id": "429375908571-v1iv548aqpiv8q6vl4lrtdpj7e4np2bb.apps.googleusercontent.com",
          "client_type": 3
        }
      ],
      "api_key": [
        {
          "current_key": "AIzaSyDBPEhVjrhOwItl6U7vhtoPu1tvgMjYzmI"
        }
      ],
      "services": {
        "analytics_service": {
          "status": 1
        },
        "appinvite_service": {
          "status": 2,
          "other_platform_oauth_client": [
            {
              "client_id": "429375908571-v1iv548aqpiv8q6vl4lrtdpj7e4np2bb.apps.googleusercontent.com",
              "client_type": 3
            }
          ]
        },
        "ads_service": {
          "status": 2
        }
      }
    }
  ],
  "configuration_version": "1"
}